Transaction Hash,Status,Method,Blockno,DateTime (UTC),From,From_Nametag,To,To_Nametag,Amount,Value (USD),Txn Fee
"0xfec60f69cfaaecc5c838374d16e0481e10a4b098a0958edd4eff0a669b930b87","Success","Transfer","21352050","2024-12-07 17:17:35","0x95222290dd7278aa3ddd389cc1e1d165cc4bafe5","beaverbuild","0x388c818ca8b9251b393131c08a736a67ccb19297","Lido: Execution Layer Rewards Vault","0.142234529 ETH","$567.94","0.00032065"
"0x795bc3b0b8ee53a7b0ef010adc53fb6cd2ddc2e243c903751ab4d0dcde37094d","Success","Transfer","21352050","2024-12-07 17:17:35","0x9e2a58d257963a276452fff1be94c0eb7e2775cc","","0x1229610e1f2e54ac25363d71caa66b8ddb573b95","","0.007705077 ETH","$30.77","0.00030619"
"0x11e581b06b15b2e9062d76a7ffa207940bd135698b8771171e9cefab9254cc9f","Success","Transfer","21352050","2024-12-07 17:17:35","0x911a978f0cac392079b51db03e6f3027dfe6f96e","","0x85e96e0a642e8f57e1d79a93aafca81c2fee5bb5","","0.01 ETH","$39.93","0.00030619"
"0xfb827147beb4ab8c41cb0d04a794adc17ba8f1ada8286ec93d16692a983ff47c","Success","Transfer","21352050","2024-12-07 17:17:35","0xe4edb277e41dc89ab076a1f049f4a3efa700bce8","Orbiter Finance: Bridge 2","0x7df6046ec1af7be44fa59835eba6b98e01a0b39c","","1.458799 ETH","$5,825.01","0.00030663"
"0x0a287de038f7bc669d52584d2efad26380ee0a3e778592190e575744b11d9d21","Success","Transfer","21352050","2024-12-07 17:17:35","0xe4edb277e41dc89ab076a1f049f4a3efa700bce8","Orbiter Finance: Bridge 2","0xbbfd7a505e505101ed3ab5514911617c0024263e","","2.9985 ETH","$11,973.06","0.00030663"
"0x7d5f3a07c5d8ec801fef8ced50f854e276bc24a953f8268b1080e9239cac2be9","Success","Transfer","21352050","2024-12-07 17:17:35","0x5743483d33f6b8f295d0453bd9fb92d06b1d9ad0","","0xb8651305423cd1c019d5f8175d21f071bfcaaac7","","0.04990662 ETH","$199.28","0.00030663"
"0x60e94d5245b79e82ce801ac67fd9e3fccf0aec24fb0cadff26f13272a6cf9525","Success","Transfer","21352050","2024-12-07 17:17:35","0x3b319814c34edcad9b1c7cc27a3982d799406ee6","","0xe9164e40ed4527946388a02dc6dc29d42be6ddf4","","0.001446507 ETH","$5.78","0.00030663"
"0x98cd4a1272a90d715312eb74dac8a9cfb09782d4e98c20075cb7407f61de08f1","Success","Transfer","21352050","2024-12-07 17:17:35","0x76cd001af6d69448040e37a30c07c610e3a40c43","","0x8d763af398cba17594bb0c7c4a85c598b549565f","","0.017608759 ETH","$70.31","0.00030663"
"0xe2d627e9c01ff064c1ba1980aa74a903abcb9d1e2653ec2cdfbc700957043fb3","Success","Transfer","21352050","2024-12-07 17:17:35","0x1ab4973a48dc892cd9971ece8e01dcc7688f8f23","Bitget 6","0xe325f1668fe41e7725001ba82e60dcf26f455894","","1.2527469 ETH","$5,002.24","0.00030675"
"0xa06fa4ed090c8eacf2e9ff56e98170ca7382f274a12f9417d75a13ec6405bae6","Success","Transfer","21352050","2024-12-07 17:17:35","0x1ab4973a48dc892cd9971ece8e01dcc7688f8f23","Bitget 6","0x7d7db166d651ebe635366897766b0b2515340bae","","0.001066135 ETH","$4.26","0.00030675"
"0xa5aa42011ab13e546c6eab9374fe9217b0be9c27c5eedfe31e73d56f3a045c8e","Success","Transfer","21352050","2024-12-07 17:17:35","0x1ab4973a48dc892cd9971ece8e01dcc7688f8f23","Bitget 6","0x8f6d9638043a9461d0461c8bc0e1de1dc91528a4","","0.001847113 ETH","$7.38","0.00030675"
"0xd8b473cc02d9bd789345546cbda23ddab46539b34b76be2773533f2fc8288df3","Success","Transfer","21352050","2024-12-07 17:17:35","0x1ab4973a48dc892cd9971ece8e01dcc7688f8f23","Bitget 6","0xb0bbb65b96f3888f12a787a920469934fa0650c8","","0.001847113 ETH","$7.38","0.00030675"
"0x749867f875b3fa72e72ba05cdf18d9a92323dbc0cf79bd1fbd413adb116f23f1","Success","Transfer","21352050","2024-12-07 17:17:35","0x1ab4973a48dc892cd9971ece8e01dcc7688f8f23","Bitget 6","0xa1ab8bc4451792711cf3906eac99cd3526528f27","","0.001847113 ETH","$7.38","0.00030675"
"0x7ce18603c2964bed808f6908967760979f88345010df139c6c6cfe3d2708e8f4","Success","Transfer","21352050","2024-12-07 17:17:35","0x1ab4973a48dc892cd9971ece8e01dcc7688f8f23","Bitget 6","0x4c7ff051d089eb30f0e25c226b919ae895bdba80","","0.001847113 ETH","$7.38","0.00030675"
"0xfc3749879462c36d9e295bd59b52cf0b1645e28e7ef7ea903fc2b165f77e85bc","Success","Transfer","21352050","2024-12-07 17:17:35","0x1ab4973a48dc892cd9971ece8e01dcc7688f8f23","Bitget 6","0x5801e84558408b57abf5993bdf7b80b47855ad97","","0.001847113 ETH","$7.38","0.00030675"
"0xc3ad0555c9f1cf1bc23461366ca715c75696e89911288c41b422ad2c7cf3851b","Success","Transfer","21352050","2024-12-07 17:17:35","0x1ab4973a48dc892cd9971ece8e01dcc7688f8f23","Bitget 6","0x08bec347ba68e1b43e90710b4aa3ac8eb893541a","","0.001847113 ETH","$7.38","0.00030675"
"0x5a5d0d05ceee7bb9b39ac7cd85b1ad913863fc8cf431bb769eeebeb0c2a642a4","Success","Transfer","21352050","2024-12-07 17:17:35","0x1ab4973a48dc892cd9971ece8e01dcc7688f8f23","Bitget 6","0x5943d3c91dd487fa31fef05f180ee1343cade100","","0.001847113 ETH","$7.38","0.00030675"
"0xbf5d8eec79f2c7412f6b8b1153bce92e852614e3200b55c09b26d09b23ed06c9","Success","Transfer","21352050","2024-12-07 17:17:35","0x1ab4973a48dc892cd9971ece8e01dcc7688f8f23","Bitget 6","0xe9d2e351b40ac5f4cd749072cdc1e59ba0362076","","0.001847113 ETH","$7.38","0.00030675"
"0x67fdf3e3cd2f8719db7663a8d5db56db179ad0a86246f55f397741687901c45a","Success","Transfer","21352050","2024-12-07 17:17:35","0x1ab4973a48dc892cd9971ece8e01dcc7688f8f23","Bitget 6","0x84e4ec1a874bffab17d4debca59dba2886e81c50","","0.001847113 ETH","$7.38","0.00030675"
"0x9d664cabfe619bb64e6e00b852f9cfa944b3d143e64ebc0fa3b565ec15d6611e","Success","Transfer","21352050","2024-12-07 17:17:35","0x1ab4973a48dc892cd9971ece8e01dcc7688f8f23","Bitget 6","0x1c1e48cbcb7c564e6e5f7a5078f705db431145d3","","0.001847113 ETH","$7.38","0.00030675"
"0xb177dbc2ee7b1c9dac674bbf0fcd147c712c9d30b774ab0cb452610dd6c22e1a","Success","Transfer","21352050","2024-12-07 17:17:35","0x1ab4973a48dc892cd9971ece8e01dcc7688f8f23","Bitget 6","0x4fbf5cd32f6d34ce2f8e17c0a570ed0fd2eb8543","","0.001847113 ETH","$7.38","0.00030675"
"0x33b7f9bfa7bd4690c517dc8f1f5be1aa4be5cc51790ef49414a21d72deaa6f9d","Success","Transfer","21352050","2024-12-07 17:17:35","0x1ab4973a48dc892cd9971ece8e01dcc7688f8f23","Bitget 6","0x5dfadfe72a1b455b1c4b335ca0f4a94c73bee9cb","","0.001847113 ETH","$7.38","0.00030675"
"0xd0411cd3ea60d6a9186d177a01887df96c4fc043322c9726c32109878e394dd0","Success","0x2213bc0b","21352050","2024-12-07 17:17:35","0x41094a73f1d9ce9e80d913b3c8baab986f3a52ea","","0x0000000000001ff3684f28c67538d4d072c22734","","0.004 ETH","$15.97","0.00313197"
"0x1eb8766c5230910f4ed77eb22f85ee22ddb2d2c83a5bd25a82116994f8b7bac4","Success","Transfer","21352050","2024-12-07 17:17:35","0x97ff9fdad717d900756b33b298dff98efd5a3237","","0x6e15a54b5ecac17e58dadeddbe8506a7560252f9","SynFutures: F Token","0 ETH","$0.00","0.00043164"
"0x79888bbaf1101fa03f01ba36475213307a730df568adea7ec440f87bdec65eac","Success","Transfer","21352050","2024-12-07 17:17:35","0x6da023661b0c84461b5e035d8eeaa2cde4fb5449","","0x6e15a54b5ecac17e58dadeddbe8506a7560252f9","SynFutures: F Token","0 ETH","$0.00","0.00043164"
"0x47ab2d9a0807ac55631a377d228313fc899bf131c5aea7683f9dd8418a1d84cf","Success","Transfer","21352050","2024-12-07 17:17:35","0x274ac5d66e4e8117fd48499df0f2a1c6f890a6c8","","0x6e15a54b5ecac17e58dadeddbe8506a7560252f9","SynFutures: F Token","0 ETH","$0.00","0.00043164"
"0xfc9a2656eb048a50c666a0450268fdaa0e0e9dc6f8638e555b06b7e94b8fb1cd","Error in Main Txn : execution reverted","Swap Exact Tokens For ETH","21352050","2024-12-07 17:17:35","0x60a97363a05d290e6d6600f749fc47d9b1f8279c","","0x2ec705d306b51e486b1bc0d6ebee708e0661add1","","0 ETH","$0.00","0.00046544"
"0x920927791181438d60caa29ba10581612dd4d59875f119b794e0006bb8ee67d8","Success","Transfer","21352050","2024-12-07 17:17:35","0x0537e686a3ee1f76f69cebfd6143a25b8664bf53","","0x5026f006b85729a8b14553fae6af249ad16c9aab","Wojak: WOJAK Token","0 ETH","$0.00","0.00044328"
"0x39a15e82f59763356359fe205352bdc95c8ba55ac682ebdb3e7eb9cf8c0ca517","Success","Transfer","21352050","2024-12-07 17:17:35","0xe291cc3e5b9e0c9b37c9fbdd549abf3b5c0ad342","","0xc944e90c64b2c07662a292be6244bdf05cda44a7","The Graph: GRT Token","0 ETH","$0.00","0.00050472"
"0x24e0f43af73b75953b96c1f64b11c1dcc12f7a4e6275b7eb65bd3727a0241893","Success","Seize","21352050","2024-12-07 17:17:35","0x0279582676affc46622add562a35bc9042fb425d","laca027958.eth","0x29469395eaf6f95920e59f858042f0e28d98a20b","Blur: Blend","0 ETH","$0.00","0.00111457"
"0x11a792788037460d5e47f18f625526191ced0d43ae669c35b18b837c103574f9","Success","Cancel Offers","21352050","2024-12-07 17:17:35","0x0279582676affc46622add562a35bc9042fb425d","laca027958.eth","0x29469395eaf6f95920e59f858042f0e28d98a20b","Blur: Blend","0 ETH","$0.00","0.00074292"
"0xd631f764467ada37e12d47f3309160fbbb7eaa64e9b98fb727ddcb99ab0d04f0","Success","Transfer","21352050","2024-12-07 17:17:35","0xf7c8da79da4cb294c4f55dfebb1b404e3e38d921","Revolut: Hot Wallet","0xdac17f958d2ee523a2206206994597c13d831ec7","Tether: USDT Stablecoin","0 ETH","$0.00","0.00067345"
"0xf4982e34aa5f0c5ce2612eac2fa6e13259b17e472622f179a433a52cec690552","Success","Set Approval For All","21352050","2024-12-07 17:17:35","0x8e9a1979a009da88e5390e7eeb54b83c825439ef","","0x570fa0bc16487152cc2b5ced1533930bb4888b66","","0 ETH","$0.00","0.00068104"
"0x8f62ef6cd8bad4c5af4ce4cd876632726daf86d9eb3ce834cc852f830ec0bae5","Success","Transfer","21352050","2024-12-07 17:17:35","0x6081258689a75d253d87ce902a8de3887239fe80","Robinhood 3","0x6982508145454ce325ddbe47a25d4ec3d2311933","Pepe: PEPE Token","0 ETH","$0.00","0.00088193"
"0x7e3d3a363529ba27d542db4624fabbdd80088d275738998c2a68d5ecc8ac984a","Success","Transfer","21352050","2024-12-07 17:17:35","0xcb5440782ec1c1d6b9a95eef0b02f7a6f05a3443","","0x6982508145454ce325ddbe47a25d4ec3d2311933","Pepe: PEPE Token","0 ETH","$0.00","0.00081329"
"0x0637ad0c8e6d2d1e7313b04fbf0a8005a3028593b019fb47d44350d253e83fdb","Success","Transfer","21352050","2024-12-07 17:17:35","0xec9fc235a8064698a2533c2d489deff4fba8226b","","0xdac17f958d2ee523a2206206994597c13d831ec7","Tether: USDT Stablecoin","0 ETH","$0.00","0.00092296"
"0x40e239fa2044bf70bac7894b243b47345fbaa1fbfb44ba01049137bbf9629b88","Success","Transfer","21352050","2024-12-07 17:17:35","0xc1da33e8d60daf4f93a52357a57a076f44c45759","","0xdac17f958d2ee523a2206206994597c13d831ec7","Tether: USDT Stablecoin","0 ETH","$0.00","0.00092296"
"0x3a184b613162badd5ca2c705855d72bd3b8e070a778921b5f19457de7e92edda","Success","0x000001ad","21352050","2024-12-07 17:17:35","0x6015eb3a1d8a3a865aa9a69954677a39b89f550c","","0x3a23f943181408eac424116af7b7790c94cb97a5","Socket: Gateway","0.257798079 ETH","$1,029.39","0.00123598"
"0x4004bb1e9e31cf25a3691ad7bcbb232cff989bc3d887ecef84c814a95b658940","Success","Bond Withdrawal","21352050","2024-12-07 17:17:35","0x710bda329b2a6224e4b44833de30f38e7f81d564","Hop Protocol: ETH Bonder","0xb8901acb165ed027e32754e0ffe830802919727f","Hop Protocol: Ethereum Bridge","0 ETH","$0.00","0.00168446"
"0xceaa47bacca804e2cc32a7b69ff9adf4fbcc0a3948853946a48cb28eb0ae6ca3","Success","0x2213bc0b","21352050","2024-12-07 17:17:35","0x11bdc857e0b5083b05af562607995f2dae765913","","0x0000000000001ff3684f28c67538d4d072c22734","","0.387879151 ETH","$1,548.81","0.00224776"
"0x9011349f1962076cbd7aaa66c3bdd4624ab34a033d8dcb2d44c1c2b0af4a2b6f","Success","Transfer","21352050","2024-12-07 17:17:35","0x94dbf04e273d87e6d9bed68c616f43bf86560c74","","0x6021d60baa6d6fad3df2756dd556e16e4a347d9a","","0.06364913 ETH","$254.15","0.00031735"
"0xec26ad78efdc9f8d5d916ab131eff359e89564f37dd6ce3831e5763b89a2731b","Success","Transfer","21352050","2024-12-07 17:17:35","0xcfc0f98f30742b6d880f90155d4ebb885e55ab33","Zero Hash 1","0x3bea651edb5ffd8cbf92610ebc971ce437393e65","","0.171956 ETH","$686.62","0.00031735"
"0x8ddc314311744aa0fcd5dc84e9b8ecdefd41a1eff58a7b7b57f65ab6e65fba41","Success","Claim Rewards","21352050","2024-12-07 17:17:35","0x8599a6cab9617ffb12e6f11ad119caee7323a2c4","","0xb09da56fa0f59e6a6ea7c851ad30956351b0bb7d","","0 ETH","$0.00","0.0027347"
"0x26e0d9a3dcc9f6111a4d3c8d54728e1ce07e07799d17281f3bae2ec1b211bc6e","Success","Unxswap To","21352050","2024-12-07 17:17:35","0xb1b2d032aa2f52347fbcfd08e5c3cc55216e8404","","0x7d0ccaa3fac1e5a943c5168b6ced828691b46b36","OKX: Dex Router","0 ETH","$0.00","0.00197012"
"0xb94e7eb0132fdcd13376c02ff4f3ea75db84729bf70b7091d543ae3c8343bd4e","Success","0x2213bc0b","21352050","2024-12-07 17:17:35","0xee4f4c35aa2a041da6a59b96e870875ee33853e8","","0x0000000000001ff3684f28c67538d4d072c22734","","0 ETH","$0.00","0.00237456"
"0xab77f80c442791aee387c39f02d9e0fe23be23ff28cf381d509f6074cab110f7","Success","Swap","21352050","2024-12-07 17:17:35","0xc475e5c4fe2d579826e9c254ef057dc9e260a417","","0x1111111254eeb25477b68fb85ed929f73a960582","Aggregation Router V5","0.09510997 ETH","$379.78","0.00244817"
"0xfa4e1322538985b4a75824db2365ffa5f3d26640fdead4c889dac74e13f51393","Success","0x2213bc0b","21352050","2024-12-07 17:17:35","0x8da38e0df5d1616c65dceb2367999bba27d10eff","","0x0000000000001ff3684f28c67538d4d072c22734","","0 ETH","$0.00","0.00259876"
"0x1765b7dcb015042e2a184b6f6f4f45e5e41335dfd1afa0acc6188baa9ab7e4d0","Success","Transfer","21352050","2024-12-07 17:17:35","0xb5d85cbf7cb3ee0d56b3bb207d5fc4b82f43f511","Coinbase 5","0xa6df79f34b275fb89ac943a22a07361b1825541b","","0.00501015 ETH","$20.01","0.00032553"
"0x9c7970f42c307a301f76c08ad8011fdd3f6e7413fbe09d444f44162480f34775","Success","Transfer","21352050","2024-12-07 17:17:35","0xb5d85cbf7cb3ee0d56b3bb207d5fc4b82f43f511","Coinbase 5","0x6e0df302c27052935d337f5816b352b1052d07cc","","0.061959 ETH","$247.40","0.00032553"
"0xe8c7e4d431d0123f36b21e2ff039e6b32323d4946714766ab8a8033c9822c6ce","Success","Transfer","21352050","2024-12-07 17:17:35","0x6596da8b65995d5feacff8c2936f0b7a2051b0d0","Gate.io: Deposit Funder","0x5983955ebfc3d3d10b48911a5221b48b58a5b08f","","0.004023035 ETH","$16.06","0.00032553"